,precision,recall,f1-score,support
JBPAPP,0.0,0.0,0.0,3.0
DATACASS,0.0,0.0,0.0,3.0
CXF,0.0,0.0,0.0,4.0
FLEX,0.0,0.0,0.0,2.0
SOLR,0.0,0.0,0.0,4.0
CAY,0.0,0.0,0.0,3.0
STREAMS,0.0,0.0,0.0,3.0
ORC,0.0,0.0,0.0,4.0
JBBENCH,0.0,0.0,0.0,4.0
BATCHADM,0.0,0.0,0.0,2.0
HAL,0.0,0.0,0.0,2.0
LOG4J2,0.0,0.0,0.0,2.0
LIVY,0.0,0.0,0.0,3.0
JBMESSAGING,0.0,0.0,0.0,4.0
UIMA,0.0,0.0,0.0,2.0
AMQCPP,0.0,0.0,0.0,2.0
WFLY,0.0,0.0,0.0,2.0
SAMZA,0.043478260869565216,0.125,0.06451612903225806,8.0
PARQUET,0.043478260869565216,0.14285714285714285,0.06666666666666667,7.0
JENA,0.05555555555555555,0.14285714285714285,0.08,7.0
SUREFIRE,0.0625,0.25,0.1,4.0
DATACMNS,0.06896551724137931,0.18181818181818182,0.1,11.0
MINIFICPP,0.07317073170731707,0.2,0.10714285714285714,15.0
SHIRO,0.07142857142857142,0.25,0.1111111111111111,4.0
FINERACT,0.07692307692307693,0.25,0.11764705882352941,4.0
APEXMALHAR,0.07692307692307693,0.3333333333333333,0.125,3.0
GORA,0.1,0.25,0.14285714285714285,4.0
MARVIN,0.09523809523809523,0.6666666666666666,0.16666666666666666,3.0
QPID,0.16666666666666666,0.2,0.18181818181818182,5.0
THRIFT,0.125,0.35,0.18421052631578946,20.0
SLICE,0.11764705882352941,0.6666666666666666,0.2,6.0
NEMO,0.14285714285714285,0.3333333333333333,0.2,6.0
MCHECKSTYLE,0.125,0.5,0.2,2.0
TRAFODION,0.25,0.16666666666666666,0.2,6.0
TAMAYA,0.2,0.25,0.2222222222222222,4.0
CASSANDRA,0.15384615384615385,0.42857142857142855,0.22641509433962265,14.0
GOBBLIN,0.15,0.46153846153846156,0.22641509433962265,13.0
PHOENIX,0.17647058823529413,0.375,0.24,8.0
JBIDE,0.25,0.25,0.25,4.0
NIFIREG,0.2,0.3333333333333333,0.25,6.0
JBBUILD,0.18181818181818182,0.4,0.25,5.0
HIVE,0.18421052631578946,0.4375,0.25925925925925924,16.0
CONTINUUM,0.17073170731707318,0.5384615384615384,0.25925925925925924,13.0
JBSHOTOKU,0.19230769230769232,0.5,0.2777777777777778,10.0
ATLAS,0.25,0.3333333333333333,0.2857142857142857,3.0
WOOKIE,0.25,0.3333333333333333,0.2857142857142857,6.0
LDAP,0.2222222222222222,0.4444444444444444,0.2962962962962963,9.0
JBPM,0.25,0.375,0.3,8.0
GROOVY,0.20833333333333334,0.7142857142857143,0.3225806451612903,14.0
SLIDER,0.21818181818181817,0.6666666666666666,0.3287671232876712,18.0
ARTEMIS,0.22641509433962265,0.6,0.3287671232876712,20.0
IOTDB,0.3333333333333333,0.3333333333333333,0.3333333333333333,6.0
HTTPCLIENT,0.25,0.5,0.3333333333333333,2.0
JBBLOG,0.3333333333333333,0.3333333333333333,0.3333333333333333,3.0
SJC,0.25,0.5,0.3333333333333333,6.0
JBWIKI,0.23529411764705882,0.6666666666666666,0.34782608695652173,6.0
INFRA,0.2191780821917808,0.8421052631578947,0.34782608695652173,19.0
MJAVADOC,0.2222222222222222,0.8,0.34782608695652173,5.0
JBAS,0.3333333333333333,0.38095238095238093,0.35555555555555557,21.0
CAMEL,0.34615384615384615,0.375,0.36,24.0
MASSEMBLY,0.25,0.6666666666666666,0.36363636363636365,3.0
SLING,0.3055555555555556,0.4782608695652174,0.3728813559322034,23.0
SWF,0.3333333333333333,0.5,0.4,4.0
GRIFFIN,0.5,0.3333333333333333,0.4,3.0
MPJDOCBOOK,0.3333333333333333,0.5,0.4,2.0
CALCITE,0.2878787878787879,0.6551724137931034,0.4,29.0
SYSTEMML,0.3076923076923077,0.5714285714285714,0.4,7.0
ZOOKEEPER,0.41304347826086957,0.40425531914893614,0.40860215053763443,47.0
MNG,0.2972972972972973,0.6666666666666666,0.411214953271028,33.0
MRM,0.30303030303030304,0.6666666666666666,0.4166666666666667,15.0
BIGTOP,0.3333333333333333,0.6,0.42857142857142855,10.0
DATAJPA,0.3157894736842105,0.6666666666666666,0.42857142857142855,9.0
JBNET,0.3333333333333333,0.6,0.42857142857142855,10.0
KNOX,0.3125,0.7142857142857143,0.43478260869565216,7.0
LUCENE,0.32432432432432434,0.7058823529411765,0.4444444444444444,17.0
AMQNET,0.45454545454545453,0.45454545454545453,0.45454545454545453,11.0
SWS,0.5333333333333333,0.4,0.45714285714285713,20.0
JBDS,0.3181818181818182,0.8235294117647058,0.45901639344262296,17.0
METRON,0.44,0.5,0.46808510638297873,22.0
JBPORTAL,0.6086956521739131,0.4117647058823529,0.49122807017543857,34.0
HBASE,0.5,0.5,0.5,2.0
REEF,0.5,0.5,0.5,4.0
JBWS,0.4,0.6666666666666666,0.5,6.0
JBMAIL,0.4444444444444444,0.5714285714285714,0.5,7.0
JBSER,0.5,0.5,0.5,4.0
TOOLSDOC,0.42105263157894735,0.6153846153846154,0.5,13.0
PBR,0.4444444444444444,0.6153846153846154,0.5161290322580645,13.0
MARMOTTA,0.5833333333333334,0.4666666666666667,0.5185185185185185,15.0
FUSETOOLS,0.3684210526315789,0.875,0.5185185185185185,8.0
MRELEASE,0.35714285714285715,1.0,0.5263157894736842,5.0
JBESB,0.5833333333333334,0.4827586206896552,0.5283018867924528,29.0
ZEPPELIN,0.45,0.6428571428571429,0.5294117647058824,14.0
MXNET,0.5740740740740741,0.49206349206349204,0.5299145299145299,63.0
GEODE,0.8682170542635659,0.4043321299638989,0.5517241379310345,277.0
ACCUMULO,0.9174311926605505,0.3968253968253968,0.554016620498615,252.0
JBFORUMS,0.4418604651162791,0.7916666666666666,0.5671641791044776,24.0
SPR,0.46875,0.7317073170731707,0.5714285714285714,41.0
SCB,0.6,0.5625,0.5806451612903226,32.0
NIFI,0.6176470588235294,0.5526315789473685,0.5833333333333334,38.0
BATCH,0.6440677966101694,0.5352112676056338,0.5846153846153846,71.0
FLINK,0.7419354838709677,0.4859154929577465,0.5872340425531914,142.0
ENTMQBR,0.5,0.7142857142857143,0.5882352941176471,14.0
JBCACHE,0.5,0.7857142857142857,0.6111111111111112,14.0
DATAMONGO,0.4838709677419355,0.8333333333333334,0.6122448979591837,18.0
FUSEDOC,0.5714285714285714,0.6666666666666666,0.6153846153846154,6.0
GTNPORTAL,0.5918367346938775,0.6590909090909091,0.6236559139784946,44.0
NETBEANS,0.625,0.6349206349206349,0.6299212598425197,63.0
JBNMAN,0.5,0.8823529411764706,0.6382978723404256,17.0
TS,0.5730337078651685,0.7391304347826086,0.6455696202531646,69.0
STS,0.6229508196721312,0.6785714285714286,0.6495726495726496,56.0
OOZIE,1.0,0.5,0.6666666666666666,2.0
JBADMCON,0.6666666666666666,0.6666666666666666,0.6666666666666666,3.0
SGF,1.0,0.5,0.6666666666666666,2.0
STORM,0.9238095238095239,0.5243243243243243,0.6689655172413793,185.0
BEAM,0.8709677419354839,0.5472972972972973,0.6721991701244814,296.0
ARROW,0.8936170212765957,0.5722070844686649,0.6976744186046512,367.0
BXMSDOC,0.75,0.6666666666666666,0.7058823529411765,9.0
RF,0.78,0.65,0.7090909090909091,60.0
DAFFODIL,0.6744186046511628,0.7631578947368421,0.7160493827160493,38.0
AMBARI,0.884,0.6088154269972452,0.7210440456769984,363.0
IGNITE,0.875,0.6209677419354839,0.7264150943396226,124.0
BPEL,0.6666666666666666,0.8,0.7272727272727273,5.0
JBLAB,0.75,0.7058823529411765,0.7272727272727273,51.0
HDDS,0.7105263157894737,0.75,0.7297297297297297,36.0
JBTIS,0.6363636363636364,0.875,0.7368421052631579,8.0
EXOJCR,0.967741935483871,0.6040268456375839,0.743801652892562,149.0
RNG,0.6,1.0,0.75,3.0
INT,0.7608695652173914,0.7608695652173914,0.7608695652173914,92.0
DLAB,0.7142857142857143,0.8333333333333334,0.7692307692307693,12.0
CARBONDATA,0.8720538720538721,0.6981132075471698,0.7754491017964071,371.0
JBTM,0.8421052631578947,0.7441860465116279,0.7901234567901234,43.0
JBWEB,0.6666666666666666,1.0,0.8,2.0
WFKDOC,0.8571428571428571,0.75,0.8,8.0
AEROGEAR,0.7192982456140351,0.9534883720930233,0.82,43.0
JBEAP,0.7111111111111111,1.0,0.8311688311688312,32.0
STDCXX,0.75,0.9333333333333333,0.8316831683168316,45.0
CLIMATE,0.75,1.0,0.8571428571428571,3.0
MWAR,0.8,1.0,0.8888888888888888,4.0
