scheme,category,count
jira_project,CARBONDATA,1853
jira_project,ARROW,1833
jira_project,AMBARI,1817
jira_project,BEAM,1478
jira_project,GEODE,1387
jira_project,ACCUMULO,1263
jira_project,STORM,926
jira_project,EXOJCR,749
jira_project,FLINK,712
jira_project,IGNITE,622
jira_project,INT,459
jira_project,BATCH,354
jira_project,TS,344
jira_project,MXNET,317
jira_project,NETBEANS,317
jira_project,RF,301
jira_project,STS,282
jira_project,JBLAB,255
jira_project,ZOOKEEPER,234
jira_project,STDCXX,226
jira_project,GTNPORTAL,220
jira_project,JBTM,217
jira_project,AEROGEAR,213
jira_project,SPR,205
jira_project,DAFFODIL,190
jira_project,NIFI,190
jira_project,HDDS,180
jira_project,JBPORTAL,170
jira_project,MNG,165
jira_project,SCB,161
jira_project,JBEAP,160
jira_project,JBESB,146
jira_project,CALCITE,144
jira_project,CAMEL,122
jira_project,JBFORUMS,120
jira_project,SLING,114
jira_project,METRON,111
jira_project,JBAS,105
jira_project,SWS,102
jira_project,ARTEMIS,99
jira_project,THRIFT,98
jira_project,INFRA,95
jira_project,SLIDER,89
jira_project,JBDS,88
jira_project,DATAMONGO,88
jira_project,LUCENE,87
jira_project,JBNMAN,83
jira_project,HIVE,81
jira_project,MRM,74
jira_project,MINIFICPP,74
jira_project,MARMOTTA,73
jira_project,JBCACHE,70
jira_project,ZEPPELIN,70
jira_project,GROOVY,69
jira_project,ENTMQBR,69
jira_project,CASSANDRA,68
jira_project,GOBBLIN,68
jira_project,PBR,66
jira_project,CONTINUUM,65
jira_project,TOOLSDOC,63
jira_project,DLAB,61
jira_project,DATACMNS,56
jira_project,AMQNET,53
jira_project,BIGTOP,51
jira_project,JBNET,51
jira_project,JBSHOTOKU,51
jira_project,LDAP,45
jira_project,DATAJPA,45
jira_project,BXMSDOC,43
jira_project,JBPM,42
jira_project,PHOENIX,42
jira_project,FUSETOOLS,41
jira_project,SAMZA,39
jira_project,WFKDOC,39
jira_project,JBTIS,39
jira_project,SYSTEMML,35
jira_project,PARQUET,34
jira_project,JBMAIL,34
jira_project,KNOX,34
jira_project,SLICE,33
jira_project,JENA,33
jira_project,JBWIKI,32
jira_project,WOOKIE,32
jira_project,IOTDB,31
jira_project,NEMO,31
jira_project,FUSEDOC,29
jira_project,NIFIREG,28
jira_project,JBWS,28
jira_project,TRAFODION,28
jira_project,SJC,28
jira_project,QPID,27
jira_project,JBBUILD,26
jira_project,MJAVADOC,24
jira_project,MRELEASE,23
jira_project,BPEL,23
jira_project,SUREFIRE,22
jira_project,SHIRO,22
jira_project,FINERACT,22
jira_project,CXF,22
jira_project,JBIDE,22
jira_project,SWF,21
jira_project,ORC,21
jira_project,JBSER,21
jira_project,JBBENCH,20
jira_project,TAMAYA,20
jira_project,SOLR,19
jira_project,MWAR,19
jira_project,JBMESSAGING,18
jira_project,GORA,18
jira_project,REEF,18
jira_project,LIVY,17
jira_project,CAY,17
jira_project,MARVIN,16
jira_project,JBPAPP,16
jira_project,JBBLOG,15
jira_project,CLIMATE,15
jira_project,DATACASS,15
jira_project,MASSEMBLY,14
jira_project,RNG,14
jira_project,ATLAS,14
jira_project,STREAMS,13
jira_project,JBADMCON,13
jira_project,GRIFFIN,13
jira_project,APEXMALHAR,13
jira_project,UIMA,12
jira_project,MCHECKSTYLE,12
jira_project,AMQCPP,12
jira_project,LOG4J2,12
jira_project,HBASE,12
jira_project,OOZIE,12
jira_project,HAL,11
jira_project,WFLY,11
jira_project,MSHARED,11
jira_project,BATCHADM,11
jira_project,SGF,11
jira_project,SCM,10
jira_project,MPJDOCBOOK,10
jira_project,HTTPCLIENT,10
jira_project,FLEX,10
jira_project,JBWEB,10
jira_project,MCHANGELOG,10
jira_project,TEIIDDES,9
jira_project,RIFTSAW,9
jira_project,ISPN,9
jira_project,EJBTHREE,9
jira_project,ENTMQCL,9
jira_project,MPH,9
jira_project,YETUS,9
jira_project,TEXT,9
jira_project,GEOMETRY,9
jira_project,HUDI,8
jira_project,SSHD,8
jira_project,SEC,8
jira_project,VFS,7
jira_project,CB,7
jira_project,AMQ,7
jira_project,RFPL,7
jira_project,MPIR,7
jira_project,WFCORE,7
jira_project,XERCESJ,7
jira_project,MSITE,7
jira_project,SDAP,7
jira_project,JBRULES,6
jira_project,MAPREDUCE,6
jira_project,JBSEAM,6
jira_project,MYFACES,6
jira_project,RESTEASY,6
jira_project,CRUNCH,6
jira_project,RATIS,6
jira_project,UNOMI,6
jira_project,JCLOUDS,6
jira_project,NUMBERS,6
jira_project,TEIID,6
jira_project,WAGON,6
jira_project,ARIES,6
jira_project,MPMD,6
jira_project,MRESOURCES,6
jira_project,XMLBEANS,6
jira_project,HAMA,6
jira_project,SQOOP,6
jira_project,TEZ,6
jira_project,JBPROFILER,5
jira_project,SOA,5
jira_project,JBCLUSTER,5
jira_project,HDFS,5
jira_project,DELTASPIKE,5
jira_project,SYNCOPE,5
jira_project,PIO,5
jira_project,CURATOR,5
jira_project,MNEMONIC,5
jira_project,MDEP,5
jira_project,MECLIPSE,5
jira_project,MRESOLVER,4
jira_project,MJAR,4
jira_project,MYRIAD,4
jira_project,GUVNOR,4
jira_project,HTTPCORE,4
jira_project,JS2,4
jira_project,JUDDI,4
jira_project,JBREM,4
jira_project,OFBIZ,4
jira_project,BCEL,4
jira_project,JGRP,4
jira_project,VCL,4
jira_project,MPLUGIN,4
jira_project,MEAR,4
jira_project,DISPATCH,4
jira_project,WICKET,4
jira_project,DIRMINA,4
jira_project,JBAPACHE,4
jira_project,JBAOP,4
jira_project,MDEPLOY,4
jira_project,MANTTASKS,4
jira_project,SINGA,4
jira_project,MCHANGES,4
jira_project,MINSTALL,4
jira_project,MENFORCER,4
jira_project,SESPRINGACTIONSCRIPTAS,4
jira_project,ARCHETYPE,3
jira_project,WEEX,3
jira_project,HADOOP,3
jira_project,MEJB,3
jira_project,HELIX,3
jira_project,ANY23,3
jira_project,AMQP,3
jira_project,OLIO,3
jira_project,BLACKTIE,3
jira_project,MCLEAN,3
jira_project,ISIS,3
jira_project,MSHADE,3
jira_project,BAHIR,3
jira_project,METAMODEL,3
jira_project,OMID,3
jira_project,SEAMINTL,3
jira_project,SESIA,3
jira_project,KUDU,3
jira_project,KEYCLOAK,3
jira_project,MRAR,3
jira_project,MSKINS,2
jira_project,MJMOD,2
jira_project,MJLINK,2
jira_project,EAGLE,2
jira_project,MESOS,2
jira_project,IMAGING,2
jira_project,MNGSITE,2
jira_project,BROOKLYN,2
jira_project,COLLECTIONS,2
jira_project,FLAGON,2
jira_project,IDE,2
jira_project,MPOM,2
jira_project,WHIMSY,2
jira_project,MTAJZR,2
jira_project,CSV,2
jira_project,AIRFLOW,2
jira_project,DOXIA,2
jira_project,ASPATCH,2
jira_project,SAVARA,2
jira_project,MINIFI,2
jira_project,OPENJPA,2
jira_project,AGOVA,2
jira_project,MANTRUN,2
jira_project,ENTMQST,2
jira_project,OODT,2
jira_project,PRESSGANG,2
jira_project,PIVOT,2
jira_project,MAILBOX,2
jira_project,JOHNZON,2
jira_project,MCOMPILER,2
jira_project,SEAMJMS,2
jira_project,LUCENENET,2
jira_project,MSOURCES,2
jira_project,AXIS2C,2
jira_project,AVRO,2
jira_project,FH,2
jira_project,JAMES,2
jira_project,JXR,2
jira_project,MATH,2
jira_project,AS7,2
jira_project,FLUME,2
jira_project,OPENNLP,2
jira_project,YARN,2
jira_project,DBZ,2
jira_project,ENTESB,2
jira_project,OLINGO,2
jira_project,XERCESC,1
jira_project,DIRSHARED,1
jira_project,DIRSERVER,1
jira_project,ERRAI,1
jira_project,COUCHDB,1
jira_project,DIRAPI,1
jira_project,GTNWSRP,1
jira_project,GPD,1
jira_project,AJSF,1
jira_project,BGBUILD,1
jira_project,LOGCXX,1
jira_project,CLEREZZA,1
jira_project,SPRNET,1
jira_project,TST,1
jira_project,TRAINING,1
jira_project,SUBMARINE,1
jira_project,CODEC,1
jira_project,FEDIZ,1
jira_project,CXFXJC,1
jira_project,TRINIDAD,1
jira_project,STONEHENGE,1
jira_project,SHINDIG,1
jira_project,CHAINSAW,1
jira_project,LENS,1
jira_project,NUTCH,1
jira_project,MSCMPUB,1
jira_project,ROL,1
jira_project,VALIDATOR,1
jira_project,JBJMX,1
jira_project,JBTPL,1
jira_project,AAR,1
jira_project,VXQUERY,1
jira_project,MREPOSITORY,1
jira_project,JDO,1
jira_project,MDOCCK,1
jira_project,MSCRIPTING,1
jira_project,PLC4X,1
jira_project,LANG,1
jira_project,PIG,1
jira_project,FELIX,1
jira_project,XMLCOMMONS,1
jira_project,STANBOL,1
jira_project,MINDEXER,1
jira_project,TAVERNA,1
jira_project,TWILL,1
jira_project,USERGRID,1
jira_project,POOL,1
jira_project,FORGEPLUGINS,1
jira_project,FABRIC,1
jira_project,ROCKETMQ,1
jira_project,ERT,1
jira_project,JBJCA,1
jira_project,ASTERIXDB,1
jira_project,RANGER,1
jira_project,INTEXT,1
jira_project,INTSAMPLES,1
jira_project,CRYPTO,1
jira_project,ROO,1
jira_project,JOSHUA,1
jira_project,EDGENT,1
jira_project,AMQDOC,1
jira_project,FILEUPLOAD,1
jira_project,XNIO,1
jira_project,IMPALA,1
jira_project,AIRAVATA,1
jira_project,FINCN,1
jira_project,JBEWS,1
jira_project,POLYGENE,1
jira_project,XD,1
jira_project,DIRKRB,1
jira_project,COMPRESS,1
jira_project,JBNADM,1
jira_project,JBNATIVE,1
jira_project,AMATERASU,1
jira_project,WFWIP,1
jira_project,WISE,1
jira_project,JBREFLEX,1
jira_project,JBRETRO,1
jira_project,SWITCHYARD,1
jira_project,RTGOV,1
jira_project,MODE,1
jira_project,JIPI,1
jira_project,PCACHE,1
jira_project,JBREFLECT,1
jira_project,SPARK,1
jira_project,SENTRY,1
mendeley_issue_type,Ticket,335
mendeley_issue_type,HD Service,9
mendeley_issue_type,Deployment,9
